hexCode,icao,callsign,callsignAbbr,tailNumber,operator,lastAirport,lastDistance,lastLat,lastLon,base,companyCode,lastSeenDate,source,notes,lastAirports
AE10C1,GLF5,C101,C101,C101,US Coast Guard,ZZZZ,0,0.0,0.0,ZZZZ,0,,,Coast Guard 01 - RDB/FA Blocked,
AE109A,GLF5,C102,C102,C102,US Coast Guard,ZZZZ,0,0.0,0.0,ZZZZ,0,,,Coast Guard 02 - RDB/FA Blocked,
ADFE0D,C130,C1701,C1701,C1701,US Coast Guard,ZZZZ,0,0.0,0.0,ZZZZ,0,,,"Last seen 2019, Likely Retired",
ADFE0E,C130,C1702,C1702,C1702,US Coast Guard,ZZZZ,0,0.0,0.0,ZZZZ,0,,,Last seen 2020,
ADFE0F,C130,C1703,C1703,C1703,US Coast Guard,ZZZZ,0,0.0,0.0,ZZZZ,0,,,Scrapped,
ADFE10,C130,C1704,C1704,C1704,US Coast Guard,ZZZZ,0,0.0,0.0,ZZZZ,0,,,,
ADFE13,C130,C1707,C1707,C1707,US Coast Guard,ZZZZ,0,0.0,0.0,ZZZZ,0,,,Last seen 2019,
ADFE15,C130,C1709,C1709,C1709,US Coast Guard,ZZZZ,0,0.0,0.0,ZZZZ,0,,,Calfire,
ADFE17,C130,C1711,C1711,C1711,US Coast Guard,ZZZZ,0,0.0,0.0,ZZZZ,0,,,Unknown/Scrapped,
ADFE18,C130,C1712,C1712,C1712,US Coast Guard,ZZZZ,0,0.0,0.0,ZZZZ,0,,,,
ADFE19,C130,C1713,C1713,C1713,US Coast Guard,ZZZZ,0,0.0,0.0,ZZZZ,0,,,Calfire,
ADFE1A,C130,C1714,C1714,C1714,US Coast Guard,ZZZZ,0,0.0,0.0,ZZZZ,0,,,Calfire,
ADFE1B,C130,C1715,C1715,C1715,US Coast Guard,ZZZZ,0,0.0,0.0,ZZZZ,0,,,Possibly Ret - last seen Jan @ EC,
ADFE1C,C130,C1716,C1716,C1716,US Coast Guard,ZZZZ,0,0.0,0.0,ZZZZ,0,,,,
ADFE1E,C130,C1718,C1718,C1718,US Coast Guard,ZZZZ,0,0.0,0.0,ZZZZ,0,,,Last seen 2020,
ADFE20,C130,C1720,C1720,C1720,US Coast Guard,ZZZZ,0,0.0,0.0,ZZZZ,0,,,Last seen 2022,
AE10E7,C30J,C2001,C2001,C2001,US Coast Guard,ZZZZ,0,0.0,0.0,ZZZZ,0,,,,
AE10E8,C30J,C2002,C2002,C2002,US Coast Guard,ZZZZ,0,0.0,0.0,ZZZZ,0,,,"Repo California to EC, likely MX at EC",
AE10E9,C30J,C2003,C2003,C2003,US Coast Guard,ZZZZ,0,0.0,0.0,ZZZZ,0,,,Flying in AK,
AE10EA,C30J,C2004,C2004,C2004,US Coast Guard,ZZZZ,0,0.0,0.0,ZZZZ,0,,,"Repo Texas to EC, likely MX at EC",
AE10EB,C30J,C2005,C2005,C2005,US Coast Guard,ZZZZ,0,0.0,0.0,ZZZZ,0,,,Flying in AK,
AE10EC,C30J,C2006,C2006,C2006,US Coast Guard,ZZZZ,0,0.0,0.0,ZZZZ,0,,,"Flying in AK, Sac in 2020",
AE57D1,C30J,C2007,C2007,C2007,US Coast Guard,ZZZZ,0,0.0,0.0,ZZZZ,0,,,"H Model Replacement, EC in 2020",
AE57D2,C30J,C2008,C2008,C2008,US Coast Guard,ZZZZ,0,0.0,0.0,ZZZZ,0,,,,
AE57D3,C30J,C2009,C2009,C2009,US Coast Guard,ZZZZ,0,0.0,0.0,ZZZZ,0,,,"H Model Replacement, Sac in 2023",
AE57D4,C30J,C2010,C2010,C2010,US Coast Guard,ZZZZ,0,0.0,0.0,ZZZZ,0,,,Lots of Cross Country flying,
AE57D5,C30J,C2011,C2011,C2011,US Coast Guard,ZZZZ,0,0.0,0.0,ZZZZ,0,,,Operational SAR at EC,
AE5DEB,C30J,C2012,C2012,C2012,US Coast Guard,ZZZZ,0,0.0,0.0,ZZZZ,0,,,"H Model Replacement, SAR in Guam",
AE5DEC,C30J,C2013,C2013,C2013,US Coast Guard,ZZZZ,0,0.0,0.0,ZZZZ,0,,,Lots of Cross Country flying,
AE5DED,C30J,C2014,C2014,C2014,US Coast Guard,ZZZZ,0,0.0,0.0,ZZZZ,0,,,"Flying in AK, limited ADSB Pings",
AE5DEE,C30J,C2015,C2015,C2015,US Coast Guard,ZZZZ,0,0.0,0.0,ZZZZ,0,,,Operational SAR at EC,
AE5DEF,C30J,C2016,C2016,C2016,US Coast Guard,ZZZZ,0,0.0,0.0,ZZZZ,0,,,Operational SAR at EC,
AE5DF0,C30J,C2017,C2017,C2017,US Coast Guard,ZZZZ,0,0.0,0.0,ZZZZ,0,,,"Operational as of Jan '25, Lots of x Country",
AE2237,CN35,C2301,C2301,C2301,US Coast Guard,ZZZZ,0,0.0,0.0,ZZZZ,0,,,CG - HC-144B Ref,
AE2238,CN35,C2302,C2302,C2302,US Coast Guard,ZZZZ,0,0.0,0.0,ZZZZ,0,,,CG - HC-144B Ref,
AE223A,CN35,C2303,C2303,C2303,US Coast Guard,ZZZZ,0,0.0,0.0,ZZZZ,0,,,CG - HC-144B Ref,
AE223B,CN35,C2304,C2304,C2304,US Coast Guard,ZZZZ,0,0.0,0.0,ZZZZ,0,,,CG - HC-144B Ref,
AE223C,CN35,C2305,C2305,C2305,US Coast Guard,ZZZZ,0,0.0,0.0,ZZZZ,0,,,"CG - HC-144B Ref, Test Flights at EC",
AE223D,CN35,C2306,C2306,C2306,US Coast Guard,ZZZZ,0,0.0,0.0,ZZZZ,0,,,CG - HC-144B Ref,
AE223E,CN35,C2307,C2307,C2307,US Coast Guard,ZZZZ,0,0.0,0.0,ZZZZ,0,,,CG - HC-144B Ref,
AE223F,CN35,C2308,C2308,C2308,US Coast Guard,ZZZZ,0,0.0,0.0,ZZZZ,0,,,CG - HC-144B Ref,
AE2707,CN35,C2309,C2309,C2309,US Coast Guard,ZZZZ,0,0.0,0.0,ZZZZ,0,,,CG - HC-144B Ref,
AE2708,CN35,C2310,C2310,C2310,US Coast Guard,ZZZZ,0,0.0,0.0,ZZZZ,0,,,CG - HC-144B Ref,
AE2709,CN35,C2311,C2311,C2311,US Coast Guard,ZZZZ,0,0.0,0.0,ZZZZ,0,,,CG - HC-144B Ref,
AE270A,CN35,C2312,C2312,C2312,US Coast Guard,ZZZZ,0,0.0,0.0,ZZZZ,0,,,"CG - HC-144B Ref, Cape Cod 2020",
AE4BE8,CN35,C2313,C2313,C2313,US Coast Guard,ZZZZ,0,0.0,0.0,ZZZZ,0,,,"CG - HC-144B Ref, MX at EC",
AE4BEE,CN35,C2314,C2314,C2314,US Coast Guard,ZZZZ,0,0.0,0.0,ZZZZ,0,,,"CG - HC-144B Ref, Old ADSB AE2BEE",
AE4BEF,CN35,C2315,C2315,C2315,US Coast Guard,ZZZZ,0,0.0,0.0,ZZZZ,0,,,"CG - HC-144B Ref, Old ADSB AE2BEF",
AE4BF0,CN35,C2316,C2316,C2316,US Coast Guard,ZZZZ,0,0.0,0.0,ZZZZ,0,,,"CG - HC-144B Ref, Old ADSB AE2BF0",
AE4BF1,CN35,C2317,C2317,C2317,US Coast Guard,ZZZZ,0,0.0,0.0,ZZZZ,0,,,"CG - HC-144B Ref, Old ADSB AE2BF1",
AE4BF2,CN35,C2318,C2318,C2318,US Coast Guard,ZZZZ,0,0.0,0.0,ZZZZ,0,,,"CG - HC-144B Ref, Old ADSB AE2BF2",
AE2125,C27,C2701,C2701,C2701,US Coast Guard,ZZZZ,0,0.0,0.0,ZZZZ,0,,,"MX @ KECG, CGAS Sac 2024",
AE2126,C27,C2702,C2702,C2702,US Coast Guard,ZZZZ,0,0.0,0.0,ZZZZ,0,,,,
AE272E,C27,C2703,C2703,C2703,US Coast Guard,ZZZZ,0,0.0,0.0,ZZZZ,0,,,"C-130H Replacement, likely MX at EC",
AE272F,C27,C2704,C2704,C2704,US Coast Guard,ZZZZ,0,0.0,0.0,ZZZZ,0,,,"No recent flights, Stored?",
AE2730,C27,C2705,C2705,C2705,US Coast Guard,ZZZZ,0,0.0,0.0,ZZZZ,0,,,Likely MX at EC,
AE2731,C27,C2706,C2706,C2706,US Coast Guard,ZZZZ,0,0.0,0.0,ZZZZ,0,,,C-130H Replacement,
AE4ADF,C27,C2707,C2707,C2707,US Coast Guard,ZZZZ,0,0.0,0.0,ZZZZ,0,,,,
AE4AE0,C27,C2708,C2708,C2708,US Coast Guard,ZZZZ,0,0.0,0.0,ZZZZ,0,,,"No recent flights, Stored? vuscg KMOB",
AE4AE1,C27,C2709,C2709,C2709,US Coast Guard,ZZZZ,0,0.0,0.0,ZZZZ,0,,,"C-130H Replacement, EC in 2020",
AE4AE2,C27,C2710,C2710,C2710,US Coast Guard,ZZZZ,0,0.0,0.0,ZZZZ,0,,,MX @ KECG?,
AE4AE3,C27,C2711,C2711,C2711,US Coast Guard,ZZZZ,0,0.0,0.0,ZZZZ,0,,,C-130H Replacement,
AE4AE4,C27,C2712,C2712,C2712,US Coast Guard,ZZZZ,0,0.0,0.0,ZZZZ,0,,,,
AE4AE5,C27,C2713,C2713,C2713,US Coast Guard,ZZZZ,0,0.0,0.0,ZZZZ,0,,,,
AE4CF7,C27,C2714,C2714,C2714,US Coast Guard,ZZZZ,0,0.0,0.0,ZZZZ,0,,,,
AE27F2,H60,C6001,C6001,C6001,US Coast Guard,ZZZZ,0,0.0,0.0,ZZZZ,0,,,Probably active with limited tracking,
AE27F3,H60,C6002,C6002,C6002,US Coast Guard,ZZZZ,0,0.0,0.0,ZZZZ,0,,,"Most likely Sitka, may be Kodiak",
AE27F4,H60,C6003,C6003,C6003,US Coast Guard,ZZZZ,0,0.0,0.0,ZZZZ,0,,,,
AE27F5,H60,C6004,C6004,C6004,US Coast Guard,ZZZZ,0,0.0,0.0,ZZZZ,0,,,MX @ KECG?,
AE27F6,H60,C6005,C6005,C6005,US Coast Guard,ZZZZ,0,0.0,0.0,ZZZZ,0,,,MX @ KECG?,
AE27F7,H60,C6006,C6006,C6006,US Coast Guard,ZZZZ,0,0.0,0.0,ZZZZ,0,,,,
AE27F8,H60,C6007,C6007,C6007,US Coast Guard,ZZZZ,0,0.0,0.0,ZZZZ,0,,,Likely MX at EC,
AE27F9,H60,C6008,C6008,C6008,US Coast Guard,ZZZZ,0,0.0,0.0,ZZZZ,0,,,Likely MX at EC,
AE27FA,H60,C6009,C6009,C6009,US Coast Guard,ZZZZ,0,0.0,0.0,ZZZZ,0,,,Foamed at ATC Mob 8/14,
AE27FB,H60,C6010,C6010,C6010,US Coast Guard,ZZZZ,0,0.0,0.0,ZZZZ,0,,,"May be in MX, at KECG, TJBQ Previously",
AE27FC,H60,C6011,C6011,C6011,US Coast Guard,ZZZZ,0,0.0,0.0,ZZZZ,0,,,KO in 2020,
AE27FD,H60,C6012,C6012,C6012,US Coast Guard,ZZZZ,0,0.0,0.0,ZZZZ,0,,,"EC no flying since 2021, Stored?",
AE27FE,H60,C6013,C6013,C6013,US Coast Guard,ZZZZ,0,0.0,0.0,ZZZZ,0,,,No tracking since August,
AE27FF,H60,C6014,C6014,C6014,US Coast Guard,ZZZZ,0,0.0,0.0,ZZZZ,0,,,Likely MX at EC,
AE2900,H60,C6015,C6015,C6015,US Coast Guard,ZZZZ,0,0.0,0.0,ZZZZ,0,,,Limited tracking around Sitka/Juneau,
AE2901,H60,C6016,C6016,C6016,US Coast Guard,ZZZZ,0,0.0,0.0,ZZZZ,0,,,,
AE2902,H60,C6018,C6018,C6018,US Coast Guard,ZZZZ,0,0.0,0.0,ZZZZ,0,,,Likely MX at EC,
AE2903,H60,C6019,C6019,C6019,US Coast Guard,ZZZZ,0,0.0,0.0,ZZZZ,0,,,No tracking since August,
AE2905,H60,C6021,C6021,C6021,US Coast Guard,ZZZZ,0,0.0,0.0,ZZZZ,0,,,No tracking since August,
AE2906,H60,C6022,C6022,C6022,US Coast Guard,ZZZZ,0,0.0,0.0,ZZZZ,0,,,"EC no flying since 2022, Stored?",
AE2907,H60,C6023,C6023,C6023,US Coast Guard,ZZZZ,0,0.0,0.0,ZZZZ,0,,,,
AE2908,H60,C6024,C6024,C6024,US Coast Guard,ZZZZ,0,0.0,0.0,ZZZZ,0,,,,
AE2909,H60,C6025,C6025,C6025,US Coast Guard,ZZZZ,0,0.0,0.0,ZZZZ,0,,,"In Bahamas March '25, KPIE or TJBQ",
AE290A,H60,C6026,C6026,C6026,US Coast Guard,ZZZZ,0,0.0,0.0,ZZZZ,0,,,,
AE20C1,H60,C6027,C6027,C6027,US Coast Guard,ZZZZ,0,0.0,0.0,ZZZZ,0,,,,
AE290C,H60,C6029,C6029,C6029,US Coast Guard,ZZZZ,0,0.0,0.0,ZZZZ,0,,,,
AE290D,H60,C6030,C6030,C6030,US Coast Guard,ZZZZ,0,0.0,0.0,ZZZZ,0,,,,
AE290E,H60,C6031,C6031,C6031,US Coast Guard,ZZZZ,0,0.0,0.0,ZZZZ,0,,,HMS Bounty AC,
AE290F,H60,C6032,C6032,C6032,US Coast Guard,ZZZZ,0,0.0,0.0,ZZZZ,0,,,"Southern AK, changing CGAS?",
AE2910,H60,C6033,C6033,C6033,US Coast Guard,ZZZZ,0,0.0,0.0,ZZZZ,0,,,,
AE2911,H60,C6034,C6034,C6034,US Coast Guard,ZZZZ,0,0.0,0.0,ZZZZ,0,,,,
AE2912,H60,C6035,C6035,C6035,US Coast Guard,ZZZZ,0,0.0,0.0,ZZZZ,0,,,,
AE2913,H60,C6036,C6036,C6036,US Coast Guard,ZZZZ,0,0.0,0.0,ZZZZ,0,,,,
AE2914,H60,C6037,C6037,C6037,US Coast Guard,ZZZZ,0,0.0,0.0,ZZZZ,0,,,,
AE2915,H60,C6038,C6038,C6038,US Coast Guard,ZZZZ,0,0.0,0.0,ZZZZ,0,,,,
AE2916,H60,C6039,C6039,C6039,US Coast Guard,ZZZZ,0,0.0,0.0,ZZZZ,0,,,,
AE2917,H60,C6040,C6040,C6040,US Coast Guard,ZZZZ,0,0.0,0.0,ZZZZ,0,,,,
AE2918,H60,C6041,C6041,C6041,US Coast Guard,ZZZZ,0,0.0,0.0,ZZZZ,0,,,,
AE2919,H60,C6042,C6042,C6042,US Coast Guard,ZZZZ,0,0.0,0.0,ZZZZ,0,,,,
AE291A,H60,C6043,C6043,C6043,US Coast Guard,ZZZZ,0,0.0,0.0,ZZZZ,0,,,,
AE4A4B,H60,C6044,C6044,C6044,US Coast Guard,ZZZZ,0,0.0,0.0,ZZZZ,0,,,Likely MX at EC,
AE4A4C,H60,C6045,C6045,C6045,US Coast Guard,ZZZZ,0,0.0,0.0,ZZZZ,0,,,,
AE4DFE,H60,C6046,C6046,C6046,US Coast Guard,ZZZZ,0,0.0,0.0,ZZZZ,0,,,,
AE4DFF,H60,C6047,C6047,C6047,US Coast Guard,ZZZZ,0,0.0,0.0,ZZZZ,0,,,,
AE4E00,H60,C6048,C6048,C6048,US Coast Guard,ZZZZ,0,0.0,0.0,ZZZZ,0,,,,
AE4E01,H60,C6049,C6049,C6049,US Coast Guard,ZZZZ,0,0.0,0.0,ZZZZ,0,,,,
AE4E02,H60,C6050,C6050,C6050,US Coast Guard,ZZZZ,0,0.0,0.0,ZZZZ,0,,,Possibly MX at EC?,
AE4E03,H60,C6051,C6051,C6051,US Coast Guard,ZZZZ,0,0.0,0.0,ZZZZ,0,,,,
AE4E04,H60,C6052,C6052,C6052,US Coast Guard,ZZZZ,0,0.0,0.0,ZZZZ,0,,,Test Campaign?,
AE6CE7,H60,C6053,C6053,C6053,US Coast Guard,ZZZZ,0,0.0,0.0,ZZZZ,0,,,Foamed at ATC Mob 8/14,
AE6CE8,H60,C6054,C6054,C6054,US Coast Guard,ZZZZ,0,0.0,0.0,ZZZZ,0,,,,
AE6CE9,H60,C6055,C6055,C6055,US Coast Guard,ZZZZ,0,0.0,0.0,ZZZZ,0,,,1st Modern H-60 with folding wings and tail,
AE6CEB,H60,C6056,C6056,C6056,US Coast Guard,ZZZZ,0,0.0,0.0,ZZZZ,0,,,"2nd Modern H-60, sched ventura, but san d?",
AE6CED,H60,C6059,C6059,C6059,US Coast Guard,ZZZZ,0,0.0,0.0,ZZZZ,0,,,,
AE6CEE,H60,C6060,C6060,C6060,US Coast Guard,ZZZZ,0,0.0,0.0,ZZZZ,0,,,,
AE6CEF,H60,C6061,C6061,C6061,US Coast Guard,ZZZZ,0,0.0,0.0,ZZZZ,0,,,,
AF8434,H60,C6063,C6063,C6063,US Coast Guard,ZZZZ,0,0.0,0.0,ZZZZ,0,,,,
AE265B,AS65,C6501,C6501,C6501,US Coast Guard,ZZZZ,0,0.0,0.0,ZZZZ,0,,,,
AE265C,AS65,C6502,C6502,C6502,US Coast Guard,ZZZZ,0,0.0,0.0,ZZZZ,0,,,,
AE265D,AS65,C6503,C6503,C6503,US Coast Guard,ZZZZ,0,0.0,0.0,ZZZZ,0,,,,
AE265E,AS65,C6504,C6504,C6504,US Coast Guard,ZZZZ,0,0.0,0.0,ZZZZ,0,,,,
AE2660,AS65,C6506,C6506,C6506,US Coast Guard,ZZZZ,0,0.0,0.0,ZZZZ,0,,,,
AE2661,AS65,C6507,C6507,C6507,US Coast Guard,ZZZZ,0,0.0,0.0,ZZZZ,0,,,,
AE2662,AS65,C6508,C6508,C6508,US Coast Guard,ZZZZ,0,0.0,0.0,ZZZZ,0,,,Embarked? - Last 2021,
AE2663,AS65,C6509,C6509,C6509,US Coast Guard,ZZZZ,0,0.0,0.0,ZZZZ,0,,,Embarked? - Last 2019,
AE2664,AS65,C6510,C6510,C6510,US Coast Guard,ZZZZ,0,0.0,0.0,ZZZZ,0,,,,
AE2665,AS65,C6511,C6511,C6511,US Coast Guard,ZZZZ,0,0.0,0.0,ZZZZ,0,,,,
AE2666,AS65,C6512,C6512,C6512,US Coast Guard,ZZZZ,0,0.0,0.0,ZZZZ,0,,,,
AE2667,AS65,C6513,C6513,C6513,US Coast Guard,ZZZZ,0,0.0,0.0,ZZZZ,0,,,,
AE2668,AS65,C6514,C6514,C6514,US Coast Guard,ZZZZ,0,0.0,0.0,ZZZZ,0,,,MX @ EC Mar '24,
AE2669,AS65,C6515,C6515,C6515,US Coast Guard,ZZZZ,0,0.0,0.0,ZZZZ,0,,,HEX reassigned,
AE266A,AS65,C6516,C6516,C6516,US Coast Guard,ZZZZ,0,0.0,0.0,ZZZZ,0,,,,
AE266B,AS65,C6517,C6517,C6517,US Coast Guard,ZZZZ,0,0.0,0.0,ZZZZ,0,,,,
AE266C,AS65,C6518,C6518,C6518,US Coast Guard,ZZZZ,0,0.0,0.0,ZZZZ,0,,,,
AE266D,AS65,C6519,C6519,C6519,US Coast Guard,ZZZZ,0,0.0,0.0,ZZZZ,0,,,Newport Dec '23,
AE266E,AS65,C6520,C6520,C6520,US Coast Guard,ZZZZ,0,0.0,0.0,ZZZZ,0,,,,
AE266F,AS65,C6521,C6521,C6521,US Coast Guard,ZZZZ,0,0.0,0.0,ZZZZ,0,,,,
AE2670,AS65,C6522,C6522,C6522,US Coast Guard,ZZZZ,0,0.0,0.0,ZZZZ,0,,,"Embarked? - Last 2020, confirmed E",
AE2672,AS65,C6524,C6524,C6524,US Coast Guard,ZZZZ,0,0.0,0.0,ZZZZ,0,,,,
AE2673,AS65,C6525,C6525,C6525,US Coast Guard,ZZZZ,0,0.0,0.0,ZZZZ,0,,,Embarked? - mult flts off coast of PR,
AE2674,AS65,C6526,C6526,C6526,US Coast Guard,ZZZZ,0,0.0,0.0,ZZZZ,0,,,,
AE2675,AS65,C6527,C6527,C6527,US Coast Guard,ZZZZ,0,0.0,0.0,ZZZZ,0,,,,
AE2676,AS65,C6528,C6528,C6528,US Coast Guard,ZZZZ,0,0.0,0.0,ZZZZ,0,,,,
AE2677,AS65,C6529,C6529,C6529,US Coast Guard,ZZZZ,0,0.0,0.0,ZZZZ,0,,,,
AE2678,AS65,C6530,C6530,C6530,US Coast Guard,ZZZZ,0,0.0,0.0,ZZZZ,0,,,,
AE2679,AS65,C6531,C6531,C6531,US Coast Guard,ZZZZ,0,0.0,0.0,ZZZZ,0,,,,
AE267A,AS65,C6532,C6532,C6532,US Coast Guard,ZZZZ,0,0.0,0.0,ZZZZ,0,,,,
AE267B,AS65,C6533,C6533,C6533,US Coast Guard,ZZZZ,0,0.0,0.0,ZZZZ,0,,,MX @ EC? Last flight Nov '23,
AE267C,AS65,C6534,C6534,C6534,US Coast Guard,ZZZZ,0,0.0,0.0,ZZZZ,0,,,AC in '23,
AE267E,AS65,C6536,C6536,C6536,US Coast Guard,ZZZZ,0,0.0,0.0,ZZZZ,0,,,MX @ EC? Last flight Jan '24 to EC,
AE267F,AS65,C6537,C6537,C6537,US Coast Guard,ZZZZ,0,0.0,0.0,ZZZZ,0,,,Newport Dec '23,
AE2680,AS65,C6538,C6538,C6538,US Coast Guard,ZZZZ,0,0.0,0.0,ZZZZ,0,,,Last Flight Feb '24 (Ventura Dec '23),
AE2681,AS65,C6539,C6539,C6539,US Coast Guard,ZZZZ,0,0.0,0.0,ZZZZ,0,,,,
AE2682,AS65,C6540,C6540,C6540,US Coast Guard,ZZZZ,0,0.0,0.0,ZZZZ,0,,,,
AE2683,AS65,C6542,C6542,C6542,US Coast Guard,ZZZZ,0,0.0,0.0,ZZZZ,0,,,,
AE2684,AS65,C6543,C6543,C6543,US Coast Guard,ZZZZ,0,0.0,0.0,ZZZZ,0,,,,
AE509F,AS65,C6544,C6544,C6544,US Coast Guard,ZZZZ,0,0.0,0.0,ZZZZ,0,,,,
AE2685,AS65,C6545,C6545,C6545,US Coast Guard,ZZZZ,0,0.0,0.0,ZZZZ,0,,,,
AE2686,AS65,C6547,C6547,C6547,US Coast Guard,ZZZZ,0,0.0,0.0,ZZZZ,0,,,,
AE2687,AS65,C6548,C6548,C6548,US Coast Guard,ZZZZ,0,0.0,0.0,ZZZZ,0,,,,
AE2688,AS65,C6550,C6550,C6550,US Coast Guard,ZZZZ,0,0.0,0.0,ZZZZ,0,,,Ventura Feb '24,
AE2689,AS65,C6551,C6551,C6551,US Coast Guard,ZZZZ,0,0.0,0.0,ZZZZ,0,,,,
AE268A,AS65,C6552,C6552,C6552,US Coast Guard,ZZZZ,0,0.0,0.0,ZZZZ,0,,,,
AE268B,AS65,C6553,C6553,C6553,US Coast Guard,ZZZZ,0,0.0,0.0,ZZZZ,0,,,uscg.mil post,
AE268C,AS65,C6554,C6554,C6554,US Coast Guard,ZZZZ,0,0.0,0.0,ZZZZ,0,,,,
AE268D,AS65,C6555,C6555,C6555,US Coast Guard,ZZZZ,0,0.0,0.0,ZZZZ,0,,,,
AE268E,AS65,C6556,C6556,C6556,US Coast Guard,ZZZZ,0,0.0,0.0,ZZZZ,0,,,MX? EC since May '23,
AE268F,AS65,C6557,C6557,C6557,US Coast Guard,ZZZZ,0,0.0,0.0,ZZZZ,0,,,,
AE2690,AS65,C6558,C6558,C6558,US Coast Guard,ZZZZ,0,0.0,0.0,ZZZZ,0,,,MX? No flying since Jan,
AE2691,AS65,C6559,C6559,C6559,US Coast Guard,ZZZZ,0,0.0,0.0,ZZZZ,0,,,,
AE2692,AS65,C6560,C6560,C6560,US Coast Guard,ZZZZ,0,0.0,0.0,ZZZZ,0,,,,
AE2693,AS65,C6561,C6561,C6561,US Coast Guard,ZZZZ,0,0.0,0.0,ZZZZ,0,,,,
AE2694,AS65,C6562,C6562,C6562,US Coast Guard,ZZZZ,0,0.0,0.0,ZZZZ,0,,,,
AE2695,AS65,C6563,C6563,C6563,US Coast Guard,ZZZZ,0,0.0,0.0,ZZZZ,0,,,CGAS AC 2020,
AE2696,AS65,C6564,C6564,C6564,US Coast Guard,ZZZZ,0,0.0,0.0,ZZZZ,0,,,,
AE2697,AS65,C6565,C6565,C6565,US Coast Guard,ZZZZ,0,0.0,0.0,ZZZZ,0,,,,
AE2698,AS65,C6566,C6566,C6566,US Coast Guard,ZZZZ,0,0.0,0.0,ZZZZ,0,,,,
AE2699,AS65,C6567,C6567,C6567,US Coast Guard,ZZZZ,0,0.0,0.0,ZZZZ,0,,,,
AE269A,AS65,C6568,C6568,C6568,US Coast Guard,ZZZZ,0,0.0,0.0,ZZZZ,0,,,Embarked? Australia Jan '24,
AE269B,AS65,C6569,C6569,C6569,US Coast Guard,ZZZZ,0,0.0,0.0,ZZZZ,0,,,Last Seen in NC Dec '23,
AE269C,AS65,C6570,C6570,C6570,US Coast Guard,ZZZZ,0,0.0,0.0,ZZZZ,0,,,,
AE269D,AS65,C6571,C6571,C6571,US Coast Guard,ZZZZ,0,0.0,0.0,ZZZZ,0,,,MX? @ EC Apr '24 - former ALPAT,
AE269E,AS65,C6572,C6572,C6572,US Coast Guard,ZZZZ,0,0.0,0.0,ZZZZ,0,,,,
AE269F,AS65,C6573,C6573,C6573,US Coast Guard,ZZZZ,0,0.0,0.0,ZZZZ,0,,,No flight since Nov '23,
AE26A0,AS65,C6574,C6574,C6574,US Coast Guard,ZZZZ,0,0.0,0.0,ZZZZ,0,,,MX? @ EC Apr '24,
AE26A1,AS65,C6575,C6575,C6575,US Coast Guard,ZZZZ,0,0.0,0.0,ZZZZ,0,,,,
AE26A2,AS65,C6576,C6576,C6576,US Coast Guard,ZZZZ,0,0.0,0.0,ZZZZ,0,,,Embarked? - Last in FL Aug '22,
AE26A3,AS65,C6577,C6577,C6577,US Coast Guard,ZZZZ,0,0.0,0.0,ZZZZ,0,,,Last Seen in NC Feb '24,
AE26A4,AS65,C6578,C6578,C6578,US Coast Guard,ZZZZ,0,0.0,0.0,ZZZZ,0,,,,
AE26A5,AS65,C6579,C6579,C6579,US Coast Guard,ZZZZ,0,0.0,0.0,ZZZZ,0,,,MX/Embarked? last flight Sep '23,
AE26A6,AS65,C6580,C6580,C6580,US Coast Guard,ZZZZ,0,0.0,0.0,ZZZZ,0,,,MX? @ EC Mar '24,
AE26A7,AS65,C6581,C6581,C6581,US Coast Guard,ZZZZ,0,0.0,0.0,ZZZZ,0,,,,
AE26A8,AS65,C6582,C6582,C6582,US Coast Guard,ZZZZ,0,0.0,0.0,ZZZZ,0,,,MX/Embarked? last flight Aug '23,
AE26A9,AS65,C6583,C6583,C6583,US Coast Guard,ZZZZ,0,0.0,0.0,ZZZZ,0,,,MX/Embarked? last flight Sep '23,
AE26AA,AS65,C6584,C6584,C6584,US Coast Guard,ZZZZ,0,0.0,0.0,ZZZZ,0,,,,
AE26AB,AS65,C6585,C6585,C6585,US Coast Guard,ZZZZ,0,0.0,0.0,ZZZZ,0,,,,
AE26AC,AS65,C6586,C6586,C6586,US Coast Guard,ZZZZ,0,0.0,0.0,ZZZZ,0,,,,
AE26AD,AS65,C6587,C6587,C6587,US Coast Guard,ZZZZ,0,0.0,0.0,ZZZZ,0,,,MX/Embarked? @ EC since Dec '21,
AE26AE,AS65,C6588,C6588,C6588,US Coast Guard,ZZZZ,0,0.0,0.0,ZZZZ,0,,,MX @ EC(?) - Apr '24,
AE26AF,AS65,C6589,C6589,C6589,US Coast Guard,ZZZZ,0,0.0,0.0,ZZZZ,0,,,FB Post Jan '24 - Final ALPAT,
AE26B0,AS65,C6590,C6590,C6590,US Coast Guard,ZZZZ,0,0.0,0.0,ZZZZ,0,,,,
AE26B1,AS65,C6591,C6591,C6591,US Coast Guard,ZZZZ,0,0.0,0.0,ZZZZ,0,,,,
AE26B2,AS65,C6592,C6592,C6592,US Coast Guard,ZZZZ,0,0.0,0.0,ZZZZ,0,,,Embarked Dec '23 (FB post),
AE26B3,AS65,C6593,C6593,C6593,US Coast Guard,ZZZZ,0,0.0,0.0,ZZZZ,0,,,,
AE26B4,AS65,C6594,C6594,C6594,US Coast Guard,ZZZZ,0,0.0,0.0,ZZZZ,0,,,,
AE26B5,AS65,C6595,C6595,C6595,US Coast Guard,ZZZZ,0,0.0,0.0,ZZZZ,0,,,,
AE26B6,AS65,C6596,C6596,C6596,US Coast Guard,ZZZZ,0,0.0,0.0,ZZZZ,0,,,,
AE26B7,AS65,C6597,C6597,C6597,US Coast Guard,ZZZZ,0,0.0,0.0,ZZZZ,0,,,,
AE26B8,AS65,C6598,C6598,C6598,US Coast Guard,ZZZZ,0,0.0,0.0,ZZZZ,0,,,,
AE26B9,AS65,C6599,C6599,C6599,US Coast Guard,ZZZZ,0,0.0,0.0,ZZZZ,0,,,MX/Embarked? @ EC since Feb '21,
AE26BA,AS65,C6603,C6603,C6603,US Coast Guard,ZZZZ,0,0.0,0.0,ZZZZ,0,,,,
AE26BB,AS65,C6604,C6604,C6604,US Coast Guard,ZZZZ,0,0.0,0.0,ZZZZ,0,,,,
AE26BC,AS65,C6605,C6605,C6605,US Coast Guard,ZZZZ,0,0.0,0.0,ZZZZ,0,,,CGAS Washington 11/2023,
AE26BD,AS65,C6606,C6606,C6606,US Coast Guard,ZZZZ,0,0.0,0.0,ZZZZ,0,,,,
AE26BE,AS65,C6607,C6607,C6607,US Coast Guard,ZZZZ,0,0.0,0.0,ZZZZ,0,,,,
AE26BF,AS65,C6608,C6608,C6608,US Coast Guard,ZZZZ,0,0.0,0.0,ZZZZ,0,,,,
